ECG_Rate_Mean,HRV_RMSSD,HRV_MeanNN,HRV_SDNN,HRV_SDSD,HRV_CVNN,HRV_CVSD,HRV_MedianNN,HRV_MadNN,HRV_MCVNN,HRV_IQRNN,HRV_pNN50,HRV_pNN20,HRV_TINN,HRV_HTI,HRV_ULF,HRV_VLF,HRV_LF,HRV_HF,HRV_VHF,HRV_LFHF,HRV_LFn,HRV_HFn,HRV_LnHF,HRV_SD1,HRV_SD2,HRV_SD1SD2,HRV_S,HRV_CSI,HRV_CVI,HRV_CSI_Modified,HRV_PIP,HRV_IALS,HRV_PSS,HRV_PAS,HRV_GI,HRV_SI,HRV_AI,HRV_PI,HRV_C1d,HRV_C1a,HRV_SD1d,HRV_SD1a,HRV_C2d,HRV_C2a,HRV_SD2d,HRV_SD2a,HRV_Cd,HRV_Ca,HRV_SDNNd,HRV_SDNNa,HRV_ApEn,HRV_SampEn,HRV_MSE,HRV_CMSE,HRV_RCMSE,HRV_DFA,HRV_CorrDim
85.87739903248594,19.86754281587442,698.738425925926,22.975394996446962,19.89010980165984,0.0328812530468771,0.028433448167026382,698.0,20.7564,0.02973696275071633,28.0,0.23148148148148145,31.48148148148148,169.0,7.322033898305085,,,0.07110713229071444,0.09998961754128588,0.0022673805513117986,0.7111451572594943,0.4101605801240137,0.5767607019987728,-2.3026889229713325,14.064431519298688,29.25472999916821,0.48075752261937055,1292.6118997488636,2.0800506553731632,3.8184382596696573,243.40528123013905,0.42592592592592593,0.419811320754717,0.6123595505617978,0.012658227848101266,50.452951490356526,50.452134959003395,50.453847857746446,47.87735849056604,0.5177693917377914,0.4822306082622088,10.120494978243464,9.766994729522057,0.4712223625839104,0.5287776374160894,20.082096073162113,21.273190748745687,0.4799613175638349,0.5200386824361651,15.901493660916957,16.552081903480158,1.2871073030120517,1.8080943636356406,1.4254045396019528,1.5370199695445497,1.5134380376982743,0.6883823176257312,1.3416867285675305
